{"nombre":"Pepe","email":"pepe@grillo.com","password":"$2y$10$o9k6V9H6X.7qZncV1L48VuyavwNI4O.gAdHT.YLGDElzERM\/tqTqy","edad":"123","pais":"Ar"}
{"nombre":"Dario","email":"dario@dh2.com","password":"$2y$10$NHTb\/86k5mSlEjC0l7mEnuqeZXRKadTeMLpNHH4jM546veDlDre9m","edad":"1231","pais":"Ar"}
{"nombre":"Leonardo Grabow","email":"leonardograbow@gmail.com","password":"$2y$10$XiqHGwsCDZgLt3JkIhKG1.qSoSyEv1kAatBZV1JxXeKmoCECa6rmu","edad":"18","pais":"Ar"}
{"nombre":"Leonardo Grabow","email":"admin@binweb.net","password":"$2y$10$Og2CwNf8U\/VZK06FR0S1KOiy1edbJ8Nl52\/uAxYH8b8am6o8X6U2K","edad":"25","pais":"Ar"}
